,PLAYER,TEAM,FGM,FGA,FTM,FTA,3PM,PTS,TREB,AST,STL,BLK,TO
0,Nikola Jokic,DEN,10.0,17.3,6.3,7.3,2.1,28.3,12.8,10.4,1.8,0.7,3.4
1,Shai Gilgeous-Alexander,OKC,10.8,19.1,8.1,9.1,2.1,31.8,4.5,6.1,1.3,0.8,2.0
2,Tyrese Maxey,PHI,10.0,22.0,6.2,7.0,3.6,29.8,4.0,6.3,2.0,1.0,2.2
3,Victor Wembanyama,SA,8.1,16.5,5.2,6.4,1.4,22.9,11.8,3.7,1.0,3.2,3.7
4,Kawhi Leonard,LAC,9.1,18.2,5.7,6.4,2.7,26.6,5.7,3.6,1.7,0.7,1.7
5,Giannis Antetokounmpo,MIL,10.5,16.9,5.9,8.8,0.7,27.5,10.3,5.9,1.0,0.8,3.0
6,Kevin Durant,HOU,9.6,18.4,5.0,5.6,2.1,26.3,6.2,4.1,0.6,1.1,3.0
7,Stephen Curry,GS,9.2,19.7,4.5,4.9,4.5,27.5,3.7,4.7,0.9,0.4,2.7
8,Trey Murphy III,NO,8.2,16.3,3.3,3.7,3.3,23.1,6.0,3.8,1.4,0.4,2.0
9,Cade Cunningham,DET,9.2,20.6,4.8,5.8,2.3,25.5,5.6,9.9,1.3,1.0,4.0
10,Karl-Anthony Towns,NY,7.0,14.6,5.3,6.1,1.7,21.0,12.1,3.0,1.2,0.6,2.4
11,Luka Doncic,LAL,10.0,22.0,6.9,9.0,3.5,30.4,7.5,8.8,1.3,0.7,4.5
12,Donovan Mitchell,CLE,8.9,18.7,4.5,5.3,3.4,25.6,4.5,4.8,1.6,0.4,2.7
13,Anthony Edwards,MIN,10.0,20.2,4.5,5.8,3.3,27.7,5.9,4.2,1.5,0.8,3.0
14,Scottie Barnes,TOR,7.0,14.2,2.8,3.3,1.0,17.8,7.4,5.0,1.5,1.7,2.2
15,Austin Reaves,LAL,7.4,14.9,6.0,6.8,2.4,23.2,4.8,4.9,1.2,0.3,2.9
16,Jamal Murray,DEN,8.6,17.5,3.4,3.8,2.9,23.5,4.1,7.0,0.9,0.5,2.3
17,Cooper Flagg,DAL,9.3,19.2,5.2,6.5,1.4,25.2,8.0,4.9,1.4,0.9,2.4
18,Chet Holmgren,OKC,6.5,12.0,3.2,4.0,1.7,17.9,9.5,2.1,0.8,1.8,2.0
19,James Harden,CLE,5.5,12.5,4.1,4.6,3.0,18.1,4.0,8.5,1.2,0.4,3.1
20,Jalen Johnson,ATL,7.6,15.7,4.1,5.0,1.6,20.8,9.4,6.5,1.1,0.6,3.2
21,Lauri Markkanen,UTA,8.5,17.5,4.9,5.4,2.9,24.7,6.4,1.9,0.8,0.4,1.6
22,Derrick White,BOS,6.4,16.5,2.7,3.2,2.6,18.1,5.0,5.4,1.5,1.7,2.5
23,Kevin Porter Jr.,MIL,6.2,13.1,4.5,5.2,1.4,18.3,5.7,6.6,1.9,0.4,4.0
24,Desmond Bane,ORL,7.3,15.0,3.5,3.7,2.2,20.3,4.7,4.2,1.0,0.6,2.2
25,Deni Avdija,POR,7.3,15.5,7.6,9.5,2.1,24.2,7.0,6.6,0.9,0.7,3.3
26,Joel Embiid,PHI,8.4,17.3,8.0,9.6,1.2,26.1,7.3,3.8,0.6,1.0,3.1
27,Alperen Sengun,HOU,8.3,16.0,3.8,5.4,0.6,21.1,9.3,6.1,1.4,1.0,3.0
28,Jaylen Brown,BOS,11.3,23.9,4.8,6.1,2.2,29.6,7.2,4.5,1.0,0.6,2.6
29,Jalen Brunson,NY,9.8,20.5,5.2,6.2,3.0,27.8,2.8,6.2,0.7,0.1,2.3
30,Amen Thompson,HOU,6.4,12.0,3.5,4.5,0.5,16.9,7.3,5.0,1.6,0.7,2.5
31,Michael Porter Jr.,BKN,9.0,18.2,3.1,3.7,3.5,24.6,7.3,3.0,0.6,0.2,2.7
32,Anthony Davis,WAS,7.5,15.0,3.6,4.7,1.0,19.5,9.8,2.0,0.9,1.6,1.7
33,Keyonte George,UTA,6.7,14.8,5.3,5.9,2.1,20.8,3.8,5.9,1.0,0.4,2.7
34,Evan Mobley,CLE,6.4,12.0,2.6,3.8,1.1,16.6,8.7,3.4,1.0,1.8,2.0
35,Trae Young,WAS,6.6,15.7,5.8,6.7,2.4,21.4,2.7,9.7,0.9,0.2,4.1
36,Alexandre Sarr,WAS,6.8,13.6,2.1,2.8,1.0,16.7,8.5,2.7,0.7,2.0,2.0
37,Donovan Clingan,POR,5.3,9.7,1.9,2.7,1.2,13.7,11.7,1.9,0.5,1.7,1.1
38,De'Aaron Fox,SA,8.0,16.9,3.1,3.9,2.0,21.1,4.4,6.5,1.4,0.4,2.5
39,Kon Knueppel,CHA,6.3,13.0,3.1,3.6,3.6,19.3,5.0,3.5,0.7,0.2,1.6
40,Jalen Williams,OKC,7.0,15.4,3.0,3.6,1.0,18.1,5.6,5.6,1.6,0.6,2.2
41,Jalen Duren,DET,7.0,11.2,3.0,4.2,0.0,17.0,10.5,1.6,1.0,1.1,2.3
42,Josh Giddey,CHI,6.6,14.7,3.1,4.2,2.1,18.4,9.1,8.6,1.0,0.3,3.3
43,Bam Adebayo,MIA,6.9,14.4,2.8,3.5,2.0,18.4,9.8,2.9,1.0,0.7,1.9
44,LaMelo Ball,CHA,7.3,17.0,3.1,3.8,2.7,20.4,5.3,7.2,1.0,0.4,3.2
45,Ryan Rollins,MIL,7.2,15.2,2.0,2.5,2.7,19.0,4.0,4.9,1.5,0.3,2.1
46,LeBron James,LAL,7.9,15.6,3.1,4.0,1.4,20.3,5.7,6.3,1.0,0.6,3.7
47,Matas Buzelis,CHI,6.0,12.5,2.0,2.6,2.3,16.2,6.0,1.7,1.0,1.6,2.1
48,Devin Booker,PHO,8.0,17.8,5.5,6.4,1.9,23.3,4.0,5.3,0.9,0.3,2.8
49,Mikal Bridges,NY,5.6,11.3,1.3,1.6,1.9,14.4,4.4,3.6,1.5,0.7,1.6
50,Rudy Gobert,MIN,4.3,6.5,2.5,3.8,0.0,11.2,11.9,1.8,0.6,1.8,1.2
51,Grayson Allen,PHO,4.9,11.2,2.0,2.4,3.5,15.4,4.3,3.2,1.4,0.6,1.5
52,Onyeka Okongwu,ATL,5.0,10.6,2.4,3.1,2.0,14.5,8.1,3.5,0.9,1.1,1.9
53,John Collins,LAC,5.8,11.1,2.6,3.1,1.4,15.6,5.9,1.0,1.1,1.2,1.8
54,Payton Pritchard,BOS,6.8,14.2,2.0,2.3,2.2,17.7,4.8,5.9,1.0,0.2,1.7
55,Isaiah Hartenstein,OKC,4.3,6.8,1.9,2.5,0.0,10.5,10.4,3.3,1.0,1.0,1.5
56,Ajay Mitchell,OKC,5.2,10.9,2.3,2.7,1.3,14.1,4.0,4.4,1.5,0.5,1.5
57,Immanuel Quickley,TOR,6.4,14.6,2.0,2.5,2.9,17.8,4.2,6.4,1.3,0.1,2.0
58,Nickeil Alexander-Walker,ATL,6.4,14.0,2.1,2.5,3.2,18.0,3.6,3.2,1.2,0.6,1.4
59,Paolo Banchero,ORL,8.0,17.4,6.2,8.0,1.3,23.5,8.6,4.8,0.8,0.9,2.7
60,Maxime Raynaud,SAC,5.3,9.7,2.3,2.9,1.3,14.1,9.0,2.2,0.6,0.9,1.3
61,Andrew Nembhard,IND,6.0,13.1,3.7,4.5,1.9,17.6,3.2,7.4,1.2,0.2,1.9
62,Zach Edey,MEM,5.3,8.4,1.5,1.9,0.1,12.0,10.1,1.1,0.4,1.7,2.2
63,Julius Randle,MIN,6.9,14.1,4.9,6.2,1.6,20.2,6.9,5.3,1.0,0.2,2.8
64,VJ Edgecombe,PHI,6.5,14.8,2.0,2.4,2.4,17.3,5.1,4.0,1.5,0.5,1.5
65,Zion Williamson,NO,8.2,15.0,7.2,9.4,0.1,23.8,5.6,3.7,1.2,0.6,2.6
66,Naz Reid,MIN,5.9,12.0,1.5,2.0,2.3,15.5,6.1,2.2,1.1,1.0,1.5
67,Brandon Ingram,TOR,8.3,17.6,4.1,4.8,1.7,22.4,4.7,3.7,0.7,0.5,2.5
68,Jarrett Allen,CLE,5.8,10.0,2.6,3.6,0.0,14.2,9.1,2.2,1.1,1.0,1.3
69,Jrue Holiday,POR,5.0,10.9,1.1,1.2,2.1,13.1,5.1,5.1,1.1,0.7,1.7
70,Darius Garland,LAC,6.8,15.0,2.8,3.3,2.2,18.5,2.8,7.5,1.0,0.1,2.8
71,Brandon Miller,CHA,6.6,15.4,3.1,3.7,2.8,19.1,4.7,3.0,0.9,1.0,2.0
72,Naji Marshall,DAL,6.3,11.9,3.1,3.9,1.1,16.8,6.0,3.8,1.3,0.2,2.0
73,Pascal Siakam,IND,9.3,19.4,4.0,5.9,1.9,24.6,7.2,5.0,1.0,0.4,2.0
74,Norman Powell,MIA,6.5,13.8,4.4,5.1,2.6,19.9,3.5,2.2,1.0,0.2,1.8
75,Nicolas Claxton,BKN,5.3,9.1,3.1,4.4,0.0,13.7,8.1,3.8,1.0,1.3,1.6
76,Franz Wagner,ORL,7.1,15.1,3.6,4.2,1.3,19.2,4.8,3.9,1.0,0.3,1.9
77,Gui Santos,GS,5.4,10.5,1.1,1.6,1.6,13.5,6.3,3.6,1.1,0.8,1.8
78,Jaden McDaniels,MIN,5.3,10.3,1.8,2.2,1.3,13.6,5.3,3.2,0.9,1.0,1.6
79,Kel'el Ware,MIA,4.2,7.6,1.1,1.4,1.0,10.6,8.7,0.9,0.9,1.0,0.9
80,Paul George,PHI,5.5,12.6,2.3,2.7,2.4,15.7,4.1,3.2,1.2,0.7,1.8
81,Peyton Watson,DEN,5.0,10.0,2.1,2.9,1.9,14.1,5.2,2.0,1.0,1.3,1.3
82,OG Anunoby,NY,5.5,12.0,2.6,3.3,2.0,15.7,4.2,2.1,1.6,0.8,1.9
83,Jabari Smith Jr.,HOU,6.0,13.1,2.2,2.7,2.4,16.6,6.7,1.5,0.9,0.8,1.2
84,P.J. Washington,DAL,5.3,11.3,1.9,2.7,2.0,14.5,7.0,2.1,1.0,1.3,1.7
85,Collin Gillespie,PHO,4.5,10.2,1.1,1.4,3.1,13.1,4.1,5.1,1.3,0.2,1.3
86,Jalen Smith,CHI,5.2,10.5,1.7,2.2,1.5,13.6,9.4,1.5,0.4,1.2,0.9
87,Ivica Zubac,IND,5.5,9.0,1.8,2.5,0.0,12.8,10.1,1.9,0.5,1.1,1.3
88,DeMar DeRozan,SAC,5.6,11.4,3.7,4.3,0.9,15.7,3.4,3.6,1.2,0.2,1.0
89,Josh Hart,NY,4.7,9.7,1.2,1.6,1.4,12.0,7.0,5.2,1.2,0.3,2.1
90,Jayson Tatum,BOS,6.1,13.3,3.6,4.3,2.2,18.0,5.6,3.7,0.7,0.4,1.8
91,Wendell Carter Jr.,ORL,4.2,8.2,2.3,3.0,1.3,12.1,7.8,2.1,0.8,1.0,1.3
92,Dyson Daniels,ATL,4.4,9.1,1.1,1.7,0.3,10.2,5.7,6.4,1.9,0.6,1.9
93,Tobias Harris,DET,5.4,11.2,2.0,2.3,1.3,14.1,6.1,2.5,1.0,0.4,1.1
94,De'Anthony Melton,GS,4.7,10.7,2.0,2.4,2.0,13.3,3.5,2.8,1.6,0.7,1.3
95,Stephon Castle,SA,5.8,12.7,4.8,6.2,1.3,17.7,4.6,6.9,1.2,0.3,2.9
96,Brandin Podziemski,GS,5.1,11.3,2.0,2.6,1.9,14.1,7.0,4.5,1.2,0.2,1.3
97,Quentin Grimes,PHI,5.2,11.5,2.0,2.3,1.9,14.2,3.1,3.1,1.1,0.7,1.1
98,Andrew Wiggins,MIA,6.0,13.0,2.0,2.5,2.1,16.1,5.1,3.1,1.0,0.6,1.6
99,Santi Aldama,MEM,5.6,11.8,2.2,2.8,2.0,15.4,6.3,2.8,0.8,0.7,1.2
100,Royce O'Neale,PHO,4.0,8.9,0.3,0.5,2.7,11.0,5.8,3.1,1.0,0.6,1.1
101,Brook Lopez,LAC,4.0,8.9,1.2,1.4,2.2,11.4,4.3,1.4,0.5,1.8,1.2
102,Mark Williams,PHO,4.5,7.2,2.2,2.9,0.0,11.1,7.7,1.6,0.6,1.1,1.1
103,Reed Sheppard,HOU,4.8,11.0,1.5,1.9,2.7,13.8,3.0,3.4,1.5,0.5,1.7
104,Jalen Suggs,ORL,4.7,10.0,1.8,2.2,1.6,12.7,3.1,2.9,1.6,0.7,1.9
105,Kyle Filipowski,UTA,5.9,11.8,2.1,2.7,1.1,14.8,7.8,2.7,1.1,0.4,1.9
106,Myles Turner,MIL,4.7,11.0,1.4,1.9,2.3,13.1,6.5,1.5,0.7,1.5,1.6
107,Jay Huff,IND,3.6,7.6,1.0,1.2,1.7,9.8,4.4,1.4,0.6,1.8,0.9
108,Jerami Grant,POR,5.4,12.0,5.2,6.3,2.2,18.3,3.4,2.1,0.7,0.7,1.5
109,Keegan Murray,SAC,5.3,11.9,1.9,2.2,1.3,13.8,5.7,1.5,1.1,1.0,0.8
110,Ja Morant,MEM,6.5,15.8,5.1,6.0,1.0,19.0,4.2,7.5,0.8,0.3,3.5
111,Tari Eason,HOU,4.6,10.1,1.4,1.9,2.2,12.9,6.2,1.5,1.2,0.7,1.2
112,Brice Sensabaugh,UTA,5.9,12.9,1.5,1.7,2.8,16.1,4.5,2.4,0.9,0.2,2.3
113,Tyler Herro,MIA,6.9,15.0,2.7,3.1,2.0,18.5,4.2,3.8,0.7,0.1,2.1
114,Al Horford,GS,3.5,7.4,0.5,0.6,1.9,9.3,6.6,2.5,0.6,1.0,0.8
115,Devin Vassell,SA,5.4,12.2,1.7,1.9,2.6,15.0,4.0,2.8,1.0,0.4,1.3
116,Jarace Walker,IND,5.2,11.9,1.1,1.4,2.1,13.5,6.1,2.1,1.1,0.8,2.0
117,Anthony Black,ORL,5.4,12.4,2.8,3.6,1.4,15.0,4.0,4.6,1.5,0.6,2.3
118,Day'Ron Sharpe,BKN,4.1,7.3,1.6,2.2,0.2,10.0,8.9,2.2,0.8,1.1,1.6
119,Shaedon Sharpe,POR,7.3,16.3,2.6,3.3,2.1,19.2,4.4,2.8,1.3,0.3,2.0
120,Bennedict Mathurin,LAC,6.0,13.2,4.5,5.2,2.0,18.6,4.8,2.0,0.5,0.2,1.9
121,Isaiah Collier,UTA,5.6,11.5,2.8,3.7,0.7,14.7,3.9,7.0,1.3,0.5,3.5
122,Ty Jerome,MEM,4.7,9.4,1.9,2.1,1.6,12.8,2.5,4.4,1.1,0.1,1.4
123,Donte DiVincenzo,MIN,4.4,10.0,0.9,1.2,2.9,12.5,3.5,3.9,1.2,0.4,1.4
124,Jalen Green,PHO,7.3,17.2,3.5,4.3,2.7,20.7,5.0,3.6,0.9,0.3,2.4
125,Ziaire Williams,BKN,4.3,10.0,2.2,2.5,2.2,13.0,4.6,1.6,1.3,0.4,1.3
126,Herbert Jones,NO,3.2,7.4,1.7,2.0,1.3,9.5,3.8,3.0,1.5,0.6,1.3
127,Kristaps Porzingis,GS,4.8,10.4,3.0,3.6,1.4,14.0,5.1,1.8,0.7,1.2,1.4
128,Miles Bridges,CHA,6.2,13.4,2.2,2.7,1.9,16.5,5.5,2.8,0.5,0.7,1.5
129,Neemias Queta,BOS,4.4,6.7,1.2,1.9,0.0,10.1,7.5,1.3,0.6,1.3,1.1
130,Julian Champagnie,SA,4.0,9.5,1.3,1.6,2.7,12.0,5.2,1.1,1.1,0.6,1.2
131,Deandre Ayton,LAL,5.5,9.1,0.8,1.2,0.1,11.9,7.7,0.9,0.7,0.8,1.3
132,Isaiah Stewart,DET,3.8,7.4,1.3,1.8,1.0,10.0,5.5,1.2,0.4,1.9,1.0
133,T.J. McConnell,IND,4.9,9.3,0.9,1.2,0.3,10.9,2.8,5.3,1.4,0.2,1.0
134,Precious Achiuwa,SAC,5.4,10.6,1.1,1.8,0.4,12.4,8.2,1.6,1.2,1.0,1.3
135,Robert Williams III,POR,2.5,3.9,0.8,1.0,0.0,5.9,5.9,1.0,0.8,1.5,0.9
136,Moussa Diabate,CHA,3.6,5.9,1.5,2.5,0.0,8.8,9.2,1.5,0.9,1.2,1.2
137,Dillon Brooks,PHO,6.6,14.8,3.4,4.0,2.1,18.6,3.4,1.9,1.1,0.2,1.1
138,Kelly Oubre Jr.,PHI,5.8,12.5,2.6,3.3,1.5,15.7,5.6,1.6,1.0,0.6,1.3
139,Malik Monk,SAC,4.9,10.9,1.9,2.3,2.3,14.1,2.7,3.3,0.9,0.5,1.9
140,Daniel Gafford,DAL,3.7,5.6,1.5,2.0,0.0,8.9,6.1,1.2,0.5,1.3,0.9
141,Aaron Gordon,DEN,4.5,9.2,2.6,3.3,1.5,13.0,6.0,3.9,0.6,0.4,1.3
142,Justin Champagnie,WAS,4.5,9.0,0.9,1.2,1.2,11.0,7.1,1.0,1.0,0.6,0.8
143,Derik Queen,NO,4.7,10.0,2.8,3.7,0.2,12.4,6.0,4.2,0.9,1.1,1.9
144,Sam Merrill,CLE,4.4,9.7,0.6,0.7,3.2,12.6,3.2,2.5,0.8,0.2,0.6
145,Bilal Coulibaly,WAS,3.8,9.0,2.3,3.0,1.0,10.8,5.2,2.7,1.4,1.0,1.9
146,CJ McCollum,ATL,6.0,13.2,1.7,2.1,2.5,16.2,3.2,3.5,0.7,0.4,1.4
147,Egor Demin,BKN,4.4,10.2,1.0,1.3,2.6,12.3,3.7,3.6,1.0,0.5,2.1
148,Draymond Green,GS,3.3,7.2,1.3,1.8,1.1,8.9,6.1,5.1,1.0,0.8,2.5
149,GG Jackson II,MEM,5.5,11.2,2.9,4.0,1.8,15.8,4.8,1.2,0.8,1.0,1.3
150,Brandon Williams,DAL,4.9,11.1,4.2,5.1,0.8,14.9,2.9,4.0,1.4,0.3,1.9
151,Tre Jones,CHI,3.6,6.9,1.3,1.5,0.8,9.2,3.4,6.0,0.9,0.2,1.3
152,Dejounte Murray,NO,5.6,13.0,2.1,2.6,1.5,14.8,4.1,4.8,1.2,0.2,2.0
153,Cedric Coward,MEM,5.0,10.6,2.0,2.4,1.5,13.5,5.9,3.0,0.8,0.3,1.8
154,Toumani Camara,POR,5.0,11.2,1.4,1.9,2.6,13.9,4.8,2.5,1.0,0.4,1.6
155,Cason Wallace,OKC,3.4,7.5,0.5,0.6,1.4,8.6,3.4,2.4,1.6,0.6,0.8
156,Cameron Johnson,DEN,4.8,10.5,2.2,2.6,1.9,13.7,3.9,2.5,0.8,0.4,1.2
157,Paul Reed,DET,3.8,6.7,0.9,1.2,0.3,8.6,5.6,1.4,1.0,1.0,0.9
158,Nikola Vucevic,BOS,5.3,10.6,1.1,1.4,1.5,13.2,7.3,1.8,0.5,0.3,1.2
159,Moses Moody,GS,4.8,10.7,1.8,2.2,2.4,13.6,3.3,1.3,0.9,0.7,0.8
160,Christian Braun,DEN,4.8,9.7,2.1,2.5,1.0,12.7,3.8,2.2,1.0,0.5,1.0
161,Ryan Kalkbrenner,CHA,3.2,4.9,0.8,1.1,0.0,7.3,5.5,0.7,0.6,1.4,0.7
162,Karlo Matkovic,NO,3.7,6.1,0.9,1.1,0.6,8.8,5.4,1.2,0.6,1.1,1.1
163,Kyshawn George,WAS,5.0,11.0,1.4,1.8,1.8,13.2,4.1,3.4,0.8,0.7,1.4
164,Obi Toppin,IND,4.8,9.4,1.2,1.6,1.6,12.4,4.7,1.9,0.7,0.5,1.0
165,Ausar Thompson,DET,4.6,9.2,2.0,3.2,0.4,11.5,5.5,2.1,1.5,1.0,1.3
166,Bobby Portis,MIL,5.1,10.6,0.4,0.6,1.9,12.5,6.2,1.4,0.7,0.4,1.0
167,Max Christie,DAL,4.5,8.9,1.9,2.2,2.2,13.1,2.5,2.3,0.5,0.3,1.1
168,Aaron Wiggins,OKC,4.6,9.5,1.1,1.3,1.7,12.0,3.9,1.8,1.1,0.3,1.0
169,Micah Potter,IND,4.2,8.4,0.8,1.0,1.8,11.1,5.3,1.4,0.7,0.5,1.3
170,Danny Wolf,BKN,3.4,7.8,1.6,1.9,1.5,9.8,6.7,2.1,0.9,0.7,2.2
171,Tristan Vukcevic,WAS,4.7,9.8,2.2,2.8,1.5,13.1,5.3,1.7,0.5,0.9,1.7
172,Mitchell Robinson,NY,2.3,3.8,0.8,1.4,0.0,5.5,9.0,1.0,1.1,1.1,0.7
173,Coby White,CHA,4.7,10.8,3.4,4.0,2.2,15.1,2.9,2.7,0.7,0.2,1.6
174,Kris Dunn,LAC,2.9,6.3,1.0,1.4,1.0,7.7,3.7,3.4,1.7,0.5,1.4
175,Noah Clowney,BKN,4.2,11.7,3.3,4.0,2.0,13.8,4.5,1.9,0.7,0.9,1.4
176,Derrick Jones Jr.,LAC,4.3,8.5,1.6,2.1,1.3,11.5,4.0,1.1,1.0,0.7,1.0
177,Saddiq Bey,NO,6.0,12.9,2.2,2.8,1.6,15.8,5.8,1.3,0.9,0.2,0.8
178,Jordan Goodwin,PHO,3.7,8.2,0.8,1.1,1.1,9.2,5.7,3.1,1.2,0.5,1.3
179,Jaylen Wells,MEM,4.5,10.4,2.5,3.1,2.2,13.6,3.9,2.0,1.2,0.2,1.0
180,Klay Thompson,DAL,5.1,11.6,1.0,1.1,3.3,14.5,2.7,1.7,0.5,0.3,1.1
181,Javon Small,MEM,4.0,8.7,2.7,3.3,1.7,12.3,2.4,4.5,0.8,0.4,1.3
182,RJ Barrett,TOR,7.3,14.5,3.0,4.4,1.6,19.2,5.3,3.7,0.6,0.3,2.3
183,John Konchar,UTA,1.8,4.2,0.4,0.5,0.9,4.9,5.7,2.1,1.1,0.9,0.9
184,Cam Spencer,MEM,2.9,6.4,1.3,1.5,1.7,8.8,2.0,5.7,0.8,0.1,0.7
185,Will Richard,GS,3.9,7.6,1.1,1.4,1.6,10.3,3.6,2.5,1.2,0.1,1.1
186,Isaac Okoro,CHI,3.8,8.2,1.5,1.9,2.0,11.0,3.5,2.1,0.9,0.5,0.8
187,Dylan Harper,SA,4.3,9.2,2.6,3.2,1.2,12.5,2.7,3.5,1.1,0.4,1.6
188,Johnny Furphy,IND,2.5,6.1,1.3,1.6,1.1,7.4,5.1,1.4,1.3,0.8,0.9
189,Will Riley,WAS,5.6,13.0,2.5,3.2,1.9,15.6,4.3,2.3,1.2,0.3,1.3
190,Jonathan Kuminga,ATL,5.9,12.8,3.5,4.5,1.1,16.4,6.1,2.4,0.8,0.5,1.7
191,Collin Murray-Boyles,TOR,3.5,6.6,1.2,1.6,0.4,8.5,5.4,2.2,0.9,1.0,1.4
192,Taylor Hendricks,MEM,4.2,9.2,0.9,1.2,1.1,10.5,5.2,1.4,1.0,0.9,0.8
193,Scotty Pippen Jr.,MEM,3.6,8.2,2.5,3.1,1.1,10.7,3.0,4.3,1.2,0.4,1.8
194,Anfernee Simons,CHI,4.9,10.9,1.8,2.1,3.0,14.6,2.0,3.0,0.4,0.1,1.5
195,Scoot Henderson,POR,5.0,11.5,2.8,3.5,1.7,14.5,3.3,5.0,1.0,0.2,3.3
196,Tim Hardaway Jr.,DEN,4.4,9.6,1.8,2.1,2.8,13.4,2.9,1.7,0.7,0.1,0.8
197,Russell Westbrook,SAC,4.7,10.6,1.6,2.2,1.6,12.6,5.1,4.9,1.1,0.1,2.6
198,Terance Mann,BKN,3.6,7.9,1.1,1.4,1.1,9.5,3.9,3.6,1.1,0.3,0.8
199,Jordan Poole,NO,5.0,12.0,2.4,2.8,2.6,14.9,2.2,3.3,0.8,0.3,2.1
200,Jakob Poeltl,TOR,3.7,5.8,1.1,1.8,0.0,8.6,7.7,2.0,0.7,0.8,1.3
201,Duncan Robinson,DET,4.8,10.4,0.9,1.0,3.0,13.4,2.4,2.0,0.6,0.2,1.3
202,Jaylon Tyson,CLE,4.0,8.4,1.0,1.3,1.6,10.7,4.4,1.9,0.8,0.5,1.1
203,Alex Caruso,OKC,2.5,5.4,0.7,0.9,1.2,7.0,2.7,2.4,1.3,0.6,0.9
204,Aaron Nesmith,IND,5.2,12.2,1.7,2.1,2.6,14.8,4.3,1.5,0.6,0.4,1.0
205,Ayo Dosunmu,MIN,4.7,9.7,1.4,1.6,1.4,12.1,2.3,2.7,0.7,0.3,1.0
206,Dylan Cardwell,SAC,2.5,5.3,1.8,2.7,0.0,6.8,4.4,0.2,1.0,2.4,1.2
207,Davion Mitchell,MIA,3.3,7.3,0.8,1.1,1.0,8.5,2.4,6.3,1.1,0.2,1.9
208,Luke Kornet,SA,2.9,4.8,1.7,2.1,0.0,7.5,5.5,1.9,0.3,1.0,0.7
209,Leonard Miller,CHI,3.2,5.9,1.5,1.7,0.3,8.2,5.2,1.3,0.7,0.3,0.5
210,Moritz Wagner,ORL,4.4,7.4,2.3,2.9,0.6,11.7,4.6,1.3,0.6,0.3,1.4
211,Devin Carter,SAC,4.2,10.8,3.4,4.7,1.3,13.1,6.5,3.5,1.5,0.3,1.5
212,Marcus Smart,LAL,3.2,8.0,1.7,2.0,1.3,9.4,2.0,3.2,1.5,0.2,1.9
213,Andre Drummond,PHI,3.6,6.6,1.2,1.9,0.0,8.3,9.4,0.7,1.0,0.6,1.3
214,Oso Ighodaro,PHO,2.9,4.6,0.7,1.2,0.0,6.4,5.1,1.6,1.0,0.9,0.9
215,Isaiah Joe,OKC,3.6,8.1,0.7,0.8,2.6,10.5,2.8,1.7,0.7,0.2,0.6
216,Drew Eubanks,SAC,3.0,5.0,1.3,1.8,0.1,7.3,6.1,1.3,0.4,1.1,1.1
217,Quinten Post,GS,3.6,8.1,0.6,0.7,2.2,10.0,4.4,1.6,0.5,0.5,1.0
218,Pelle Larsson,MIA,3.3,6.9,2.1,2.6,1.6,10.3,3.0,2.2,0.8,0.2,0.8
219,Jonas Valanciunas,DEN,3.4,6.1,1.4,1.7,0.2,8.4,6.1,1.5,0.3,0.7,1.1
220,Josh Okogie,HOU,2.7,5.5,2.1,2.8,1.5,8.8,3.9,1.4,1.1,0.5,1.0
221,Kyle Kuzma,MIL,5.3,11.0,1.9,2.6,1.1,13.5,5.8,2.8,0.5,0.4,2.1
222,Dennis Schroder,CLE,3.7,8.7,1.8,2.1,1.4,10.6,2.2,4.7,0.9,0.1,1.5
223,Keon Ellis,CLE,2.3,5.0,0.7,0.8,1.4,6.7,2.3,1.4,1.2,0.6,0.7
224,Goga Bitadze,ORL,2.3,3.8,1.1,1.5,0.0,5.7,5.1,1.5,0.6,1.2,0.8
225,Max Strus,CLE,3.4,7.9,0.8,0.9,2.0,9.5,4.0,3.2,0.7,0.3,1.2
226,Kobe Sanders,LAC,4.3,9.3,1.0,1.2,1.6,11.2,1.9,3.1,1.2,0.0,2.4
227,Sandro Mamukelashvili,TOR,3.5,6.7,1.1,1.4,1.2,9.2,4.3,1.5,0.7,0.5,0.7
228,Khris Middleton,DAL,4.2,8.8,1.6,1.8,1.1,11.1,3.1,3.3,0.7,0.2,1.4
229,Jose Alvarado,NY,3.4,7.6,0.9,1.1,1.8,9.4,2.5,3.5,0.9,0.3,1.2
230,Nicolas Batum,LAC,1.8,4.1,0.3,0.4,1.6,5.6,3.9,1.8,0.8,0.6,0.6
231,Nique Clifford,SAC,5.0,11.9,2.4,3.2,1.4,13.8,3.7,2.8,1.1,0.4,1.6
232,Jaime Jaquez Jr.,MIA,5.4,11.3,2.2,2.9,0.7,13.6,4.7,3.2,0.9,0.2,1.9
233,Olivier-Maxence Prosper,MEM,4.2,8.4,2.0,2.6,0.7,11.1,5.3,1.6,0.9,0.3,0.6
234,Jake LaRavia,LAL,3.1,6.5,1.8,2.5,1.2,9.2,3.9,2.4,1.0,0.4,1.4
235,Kevin Huerter,DET,3.8,8.9,0.5,0.7,1.9,10.2,3.3,2.5,0.8,0.4,0.9
236,Yanic Konan Niederhauser,LAC,3.5,5.5,1.5,2.2,0.1,8.6,5.8,0.6,0.5,1.0,1.2
237,Keldon Johnson,SA,4.7,9.0,1.8,2.4,1.3,12.4,4.5,1.3,0.6,0.3,0.9
238,Harrison Barnes,SA,4.0,8.6,1.9,2.4,1.9,11.9,3.4,1.4,0.6,0.2,0.7
239,Rui Hachimura,LAL,4.4,8.6,1.3,1.7,1.4,11.4,4.1,1.1,0.6,0.4,0.7
240,Svi Mykhailiuk,UTA,4.0,8.7,0.7,0.9,2.3,11.0,2.9,2.3,0.6,0.2,1.3
241,Guerschon Yabusele,CHI,3.9,8.5,1.4,1.9,1.4,10.6,5.4,2.0,0.8,0.3,1.2
242,Collin Sexton,CHI,4.3,9.1,2.7,3.2,1.3,12.6,1.6,3.3,0.5,0.1,1.7
243,Mouhamed Gueye,ATL,2.3,4.8,1.1,1.4,0.7,6.3,4.6,0.9,0.7,1.0,0.5
244,Brandon Clarke,MEM,3.7,6.0,0.8,1.3,0.0,8.2,4.8,1.0,0.8,0.6,0.6
245,Nae'Qwan Tomlin,CLE,3.3,7.0,1.5,1.8,0.2,8.3,5.4,0.5,0.8,0.7,0.5
246,Cam Whitmore,WAS,4.6,10.3,1.5,2.2,2.0,12.8,4.9,1.1,0.7,0.4,1.1
247,AJ Green,MIL,3.5,8.8,0.6,0.7,2.7,10.3,3.5,2.0,0.7,0.2,0.8
248,Jeremiah Fears,NO,4.6,10.5,1.8,2.2,1.3,12.2,2.8,3.5,1.0,0.1,2.3
249,Jonathan Isaac,ORL,2.2,4.8,1.0,1.5,0.6,6.1,4.5,0.6,0.8,1.2,0.5
250,Jordan Walsh,BOS,2.7,5.2,0.9,1.1,0.7,6.9,3.9,0.7,1.0,0.4,0.7
251,Ace Bailey,UTA,6.4,15.0,1.8,2.5,1.5,16.2,5.5,1.5,0.7,0.5,1.4
252,Tyus Jones,DAL,3.0,7.1,0.4,0.5,1.4,7.9,2.0,4.8,0.7,0.1,0.8
253,Luguentz Dort,OKC,2.9,7.3,0.7,0.9,1.7,8.3,3.4,1.3,0.9,0.5,0.7
254,Cody Martin,IND,2.8,6.9,0.8,1.2,0.9,7.3,4.3,2.7,1.1,0.6,1.2
255,Chimezie Metu,FA,2.4,4.8,1.2,1.3,0.6,6.6,3.8,0.9,0.9,0.3,1.0
256,Bruce Brown,DEN,3.5,7.7,1.5,1.8,0.7,9.2,3.9,2.4,0.8,0.2,1.1
257,Josh Minott,BKN,2.9,6.1,1.3,1.6,0.9,8.1,3.4,1.3,1.0,0.2,0.6
258,Dominick Barlow,PHI,3.0,5.5,1.2,1.7,0.3,7.4,4.8,1.3,0.5,0.7,0.3
259,Dennis Smith Jr.,FA,2.7,6.1,0.8,1.1,0.6,6.7,3.0,3.7,1.2,0.2,1.2
260,Matisse Thybulle,POR,1.7,4.1,0.3,0.4,1.0,4.7,1.9,1.2,1.5,0.6,0.5
261,Sion James,CHA,2.8,6.4,1.3,1.5,1.2,8.1,1.6,2.3,0.8,0.5,1.1
262,Yves Missi,NO,2.9,5.2,1.4,2.2,0.0,7.1,6.6,1.0,0.4,1.4,0.9
263,Jordan Miller,LAC,3.1,6.3,1.3,1.6,1.3,8.9,2.8,1.5,0.7,0.2,1.2
264,Tre Johnson,WAS,4.4,9.8,1.9,2.3,1.8,12.5,2.2,1.6,0.5,0.3,1.1
265,Sam Hauser,BOS,3.0,6.8,0.2,0.2,2.6,8.7,3.1,0.9,0.5,0.2,0.3
266,Vit Krejci,POR,2.9,6.0,0.5,0.7,2.1,8.3,2.8,2.0,0.5,0.3,1.0
267,Kyle Anderson,MEM,2.5,5.1,1.1,1.5,0.3,6.3,3.5,3.5,0.8,0.6,0.9
268,Tristan Da Silva,ORL,3.0,6.4,1.2,1.4,1.4,8.8,3.2,1.5,0.4,0.2,0.7
269,Jared McCain,OKC,3.6,8.0,1.4,1.7,1.5,10.2,1.7,1.8,0.9,0.0,1.1
270,Aaron Holiday,HOU,3.2,7.1,1.0,1.1,1.6,8.9,2.1,2.3,0.6,0.2,0.9
271,Jericho Sims,MIL,3.0,4.8,0.5,0.7,0.0,6.5,4.9,1.1,0.4,0.7,1.0
272,Grant Williams,CHA,2.9,6.5,1.2,1.6,1.4,8.5,3.6,1.9,0.6,0.5,1.2
273,Adem Bona,PHI,2.4,4.2,1.4,2.1,0.0,6.1,5.2,0.6,0.6,1.3,1.3
274,Nolan Traore,BKN,4.5,10.9,2.9,3.8,1.3,13.1,2.1,5.2,0.8,0.3,2.8
275,Nick Richards,CHI,3.1,5.8,1.7,2.3,0.0,7.9,6.7,0.7,0.3,0.9,1.0
276,Ben Sheppard,IND,2.6,6.4,0.6,0.7,1.5,7.3,3.3,1.7,0.9,0.2,0.5
277,Ryan Dunn,PHO,3.1,6.9,0.3,0.6,1.3,7.8,4.2,0.9,0.8,0.6,0.6
278,Ousmane Dieng,MIL,3.0,6.4,0.7,0.8,1.2,7.8,3.5,1.8,0.7,0.3,1.0
279,Isaiah Jackson,LAC,2.7,4.7,1.3,1.8,0.0,6.6,4.4,0.9,0.5,0.9,0.7
280,Tyrese Martin,PHI,3.6,8.7,0.8,1.1,1.6,9.5,4.1,2.6,0.8,0.2,1.4
281,Jaden Ivey,CHI,4.1,9.3,2.1,2.8,1.6,12.0,2.6,2.8,0.6,0.4,1.9
282,Kelly Olynyk,SA,2.3,4.2,1.3,1.6,0.5,6.3,3.4,2.6,0.6,0.3,1.3
283,Alondes Williams,WAS,3.2,7.0,1.6,2.1,1.0,9.0,3.3,3.2,0.5,0.2,1.0
284,Dru Smith,MIA,2.0,4.5,0.8,0.9,0.8,5.6,1.8,1.8,1.2,0.3,0.8
285,Trendon Watford,PHI,3.3,6.7,1.7,2.2,0.6,8.9,3.7,3.2,0.5,0.3,1.5
286,Drake Powell,BKN,3.6,7.5,0.6,0.9,0.8,8.7,2.1,2.2,0.9,0.3,1.4
287,Tyler Kolek,NY,3.3,7.3,0.3,0.4,1.0,7.9,2.9,3.8,0.5,0.2,1.2
288,Cam Thomas,MIL,4.8,10.8,2.8,3.2,1.4,13.7,1.9,1.9,0.3,0.1,1.2
289,Gary Payton II,GS,2.6,4.6,0.4,0.6,0.5,6.1,2.9,1.3,0.9,0.3,0.6
290,Thomas Bryant,CLE,2.4,4.6,1.0,1.1,0.5,6.3,4.0,0.8,0.4,0.6,0.5
291,Patrick Williams,CHI,3.1,7.5,1.0,1.3,1.3,8.5,3.4,1.6,0.8,0.6,1.2
292,Moussa Cisse,DAL,2.5,4.0,1.0,2.2,0.0,6.0,5.2,0.2,0.4,1.4,1.4
293,Buddy Hield,ATL,3.1,7.2,0.5,0.5,1.9,8.5,2.4,1.6,0.6,0.3,0.9
294,Trayce Jackson-Davis,TOR,3.1,4.9,1.0,1.8,0.0,7.3,5.0,1.1,0.4,0.9,0.7
295,Marvin Bagley III,DAL,3.8,6.6,1.4,2.1,0.2,9.1,5.1,0.8,0.4,0.5,0.9
296,Jaylin Williams,OKC,1.7,4.0,0.5,0.6,1.0,4.9,4.4,2.0,0.4,0.5,0.6
297,Jamal Shead,TOR,2.9,7.3,0.8,1.0,1.0,7.7,1.7,5.0,0.8,0.2,1.7
298,Jahmai Mashack,MEM,2.3,5.3,0.5,0.8,1.0,6.0,2.0,1.5,1.4,0.4,1.3
299,Dean Wade,CLE,1.9,4.5,0.3,0.5,1.4,5.5,4.2,1.1,0.7,0.4,0.4
300,Tidjane Salaun,CHA,3.0,6.4,1.3,1.8,1.1,8.3,5.2,1.4,0.5,0.3,1.1
301,Christian Koloko,ATL,2.1,4.0,0.5,0.7,0.0,4.8,4.1,0.9,0.4,1.0,0.7
302,Jalen Pickett,DEN,2.7,6.0,0.2,0.3,1.3,7.0,2.2,3.3,0.6,0.1,0.8
303,Larry Nance Jr.,CLE,2.0,3.8,0.5,0.7,0.5,5.0,4.0,1.5,0.8,0.3,0.6
304,Jock Landale,ATL,2.5,4.7,1.1,1.4,0.6,6.6,4.3,1.4,0.4,0.4,0.7
305,Carlton Carrington,WAS,2.9,7.3,0.8,1.0,1.3,7.9,3.1,3.6,0.6,0.2,1.3
306,Daniss Jenkins,DET,2.6,5.9,1.0,1.4,1.0,7.1,2.8,2.6,1.1,0.1,1.4
307,Luke Kennard,LAL,2.4,5.2,0.6,0.7,1.5,7.0,2.1,2.4,0.5,0.1,0.9
308,Mike Conley,MIN,2.0,5.5,0.9,1.0,1.1,6.0,2.0,3.6,0.8,0.2,0.9
309,Caris LeVert,DET,3.1,7.5,1.4,1.9,1.2,8.8,2.6,3.0,0.7,0.4,1.0
310,Walter Clayton Jr.,MEM,2.8,6.3,1.5,1.7,1.4,8.4,1.7,1.9,0.6,0.2,1.1
311,Keaton Wallace,ATL,2.1,5.3,0.4,0.4,0.9,5.5,1.6,2.7,0.9,0.3,1.1
312,Dante Exum,WAS,2.8,5.5,1.0,1.3,1.0,7.6,2.3,2.7,0.4,0.1,0.9
313,Ron Holland II,DET,3.2,6.6,1.5,1.9,0.6,8.3,3.5,1.3,0.8,0.3,1.2
314,Jordan Clarkson,NY,4.0,9.5,1.2,1.5,1.3,10.6,2.4,3.2,0.5,0.1,1.8
315,Charles Bassey,PHI,1.8,2.9,0.5,0.7,0.0,4.1,4.2,0.7,0.4,0.9,0.7
316,Corey Kispert,ATL,3.5,7.5,1.0,1.4,1.7,9.8,2.2,1.4,0.4,0.2,0.9
317,Hansen Yang,POR,2.6,5.2,1.3,1.9,0.2,6.6,4.1,2.2,0.4,0.9,1.3
318,Skal Labissiere,WAS,2.0,3.3,0.1,0.1,0.3,4.4,3.0,1.0,0.7,0.3,0.3
319,Tre Mann,CHA,3.5,8.3,0.8,1.0,1.1,8.9,2.5,2.7,0.8,0.1,1.2
320,Javonte Green,DET,1.9,4.2,0.8,1.0,0.7,5.3,3.3,0.7,0.9,0.5,0.5
321,Bryce McGowens,NO,2.8,6.1,1.9,2.4,0.9,8.4,2.8,1.9,0.6,0.3,0.9
322,Cameron Payne,PHI,2.6,6.2,0.7,0.8,1.3,7.2,1.5,2.7,0.5,0.2,0.8
323,Jeremiah Robinson-Earl,IND,2.4,5.1,0.7,0.8,0.8,6.2,4.5,1.3,0.6,0.1,0.8
324,Chris Boucher,UTA,2.6,5.4,1.3,1.7,0.9,7.4,4.0,0.5,0.4,0.5,0.5
325,Landry Shamet,NY,3.1,7.0,0.7,0.9,1.6,8.5,1.7,1.1,0.7,0.2,0.7
326,Ochai Agbaji,BKN,2.7,5.9,0.4,0.6,1.0,6.8,2.8,1.1,0.6,0.5,0.7
327,Bones Hyland,MIN,3.1,6.8,0.7,0.9,1.1,8.0,1.5,2.4,0.6,0.2,1.3
328,Julian Strawther,DEN,3.2,7.5,1.0,1.3,1.4,8.9,2.1,1.4,0.6,0.2,0.8
329,Zaccharie Risacher,ATL,3.7,8.1,1.1,1.5,1.3,9.7,2.8,1.0,0.6,0.4,1.0
330,Nikola Jovic,MIA,2.3,5.3,0.9,1.1,1.2,6.6,3.3,1.8,0.5,0.2,0.8
331,Mac McClung,CHI,3.5,8.5,1.5,2.0,1.0,9.5,2.0,0.5,1.0,0.5,1.0
332,Bogdan Bogdanovic,LAC,3.0,7.1,1.0,1.2,1.1,8.1,2.0,1.9,0.6,0.2,0.9
333,Dalano Banton,BOS,3.4,8.5,1.6,2.1,1.1,9.4,2.6,2.4,0.6,0.5,1.4
334,Gary Trent Jr.,MIL,3.1,7.8,0.8,1.0,1.6,8.5,1.9,1.6,0.8,0.1,0.5
335,Kasparas Jakucionis,MIA,2.1,4.8,1.9,2.3,0.8,6.8,2.5,2.8,0.4,0.1,1.6
336,Clint Capela,HOU,2.6,4.5,0.8,1.4,0.0,5.9,5.6,0.7,0.4,0.7,0.5
337,Jordan Nwora,FA,2.7,5.8,0.9,1.0,0.9,7.1,2.9,1.2,0.5,0.3,1.0
338,Gradey Dick,TOR,3.2,7.7,1.3,1.5,1.4,9.1,2.3,1.2,0.6,0.1,0.9
339,Bismack Biyombo,SA,2.1,3.7,0.5,1.2,0.0,4.8,5.5,1.3,0.4,0.9,1.0
340,Talen Horton-Tucker,CHI,3.0,7.1,1.5,1.9,1.0,8.4,2.1,2.4,0.6,0.3,1.0
341,Lonzo Ball,UTA,1.6,4.3,0.4,0.5,1.2,4.8,2.1,2.9,0.7,0.2,0.7
342,Kris Murray,POR,2.8,6.5,0.7,1.2,0.8,7.0,4.3,1.6,0.9,0.4,1.0
343,Zeke Nnaji,DEN,1.9,3.8,1.0,1.4,0.4,5.2,2.8,0.7,0.5,0.8,0.5
344,D'Angelo Russell,WAS,2.6,6.5,1.1,1.3,1.2,7.5,1.5,3.0,0.5,0.2,1.0
345,Kenrich Williams,OKC,2.2,4.7,0.3,0.4,0.9,5.6,3.3,1.4,0.6,0.1,0.5
346,Cedi Osman,FA,2.6,5.4,0.5,0.7,1.2,6.9,2.5,1.7,0.5,0.2,0.7
347,Xavier Tillman Sr.,CHA,1.9,4.0,0.5,0.8,0.3,4.6,3.6,1.2,0.7,0.5,0.7
348,Terrence Shannon Jr.,MIN,3.0,6.1,0.9,1.1,0.6,7.4,2.5,1.7,0.4,0.3,0.8
349,Oscar Tshiebwe,UTA,2.1,3.6,1.2,1.6,0.0,5.3,5.5,0.4,0.6,0.1,0.4
350,Georges Niang,MEM,2.8,6.1,0.5,0.6,1.5,7.6,2.7,1.0,0.3,0.2,0.8
351,Trey Alexander,NO,2.0,3.0,0.0,0.0,0.7,4.7,1.3,1.3,0.3,0.3,0.3
352,Daeqwon Plowden,SAC,4.2,9.3,0.5,0.7,1.5,10.5,3.3,0.5,0.3,0.1,1.1
353,Cole Anthony,PHO,2.4,5.6,1.2,1.4,0.7,6.7,2.2,2.3,0.5,0.3,1.0
354,Quenton Jackson,IND,2.2,4.7,1.3,1.6,0.6,6.3,1.8,2.1,0.6,0.2,0.6
355,Jamison Battle,TOR,2.6,6.0,0.3,0.3,1.8,7.2,2.7,0.9,0.3,0.2,0.5
356,Carter Bryant,SA,1.6,3.5,0.8,1.2,0.8,4.9,3.0,0.7,0.5,0.7,0.7
357,Josh Green,CHA,2.3,5.1,0.6,0.8,1.1,6.2,2.3,1.5,0.8,0.2,0.8
358,Jaxson Hayes,LAL,2.1,2.9,0.8,1.3,0.0,4.9,3.5,0.7,0.5,0.6,0.6
359,Pat Spencer,GS,2.1,6.0,1.4,1.5,0.4,5.9,2.3,2.6,0.8,0.1,0.8
360,Spencer Dinwiddie,CHA,2.2,5.5,1.5,1.9,1.0,6.9,1.7,2.9,0.5,0.2,0.8
361,Cody Williams,UTA,2.7,6.1,0.7,1.0,0.8,7.0,2.7,1.4,0.6,0.4,1.1
362,Jarred Vanderbilt,LAL,1.8,3.3,0.7,1.0,0.2,4.5,3.7,1.1,0.7,0.2,0.9
363,Keon Johnson,BKN,2.7,6.8,1.0,1.3,1.1,7.4,2.6,1.5,0.7,0.3,1.0
364,Ja'Kobe Walter,TOR,2.6,6.5,1.1,1.4,1.1,7.4,2.6,1.3,0.7,0.2,0.8
365,Hugo Gonzalez,BOS,2.0,4.0,0.7,1.0,0.6,5.2,3.4,0.8,0.6,0.4,0.8
366,Reggie Jackson,PHI,3.0,7.1,0.7,0.9,1.0,7.7,1.6,2.8,0.5,0.1,1.0
367,Garrison Mathews,ATL,1.9,4.4,0.9,1.1,1.5,6.1,1.6,0.9,0.4,0.2,0.5
368,Jase Richardson,ORL,2.2,4.6,1.4,1.7,0.9,6.6,1.7,1.0,0.5,0.2,0.4
369,Gary Harris,MIL,1.8,4.2,0.4,0.6,1.1,5.0,1.5,1.1,0.7,0.3,0.5
370,Jalen Wilson,BKN,2.5,6.2,1.3,1.6,1.1,7.4,3.1,1.5,0.4,0.1,0.8
371,Justin Edwards,PHI,2.4,5.3,0.5,0.7,1.0,6.2,2.1,1.0,0.6,0.2,0.7
372,Caleb Love,POR,3.7,9.2,0.6,0.8,1.6,9.6,2.6,1.8,0.4,0.0,0.8
373,Spencer Jones,DEN,2.4,4.7,0.4,0.5,1.0,6.2,0.8,0.7,0.7,0.1,0.7
374,Sidy Cissoko,POR,1.6,3.1,0.9,1.2,1.0,5.2,2.6,1.2,0.5,0.0,0.2
375,Noah Penda,ORL,1.9,4.5,1.2,1.8,0.6,5.6,3.6,1.5,0.7,0.5,0.9
376,Evan Fournier,FA,2.5,7.0,0.9,1.1,1.0,6.9,1.8,1.5,0.9,0.2,0.7
377,Dorian Finney-Smith,HOU,1.8,4.3,0.3,0.4,1.2,5.1,2.6,0.9,0.5,0.3,0.5
378,Trey Jemison,NY,2.0,3.6,0.6,1.0,0.0,4.6,4.2,0.8,0.4,0.8,1.0
379,Rasheer Fleming,PHO,1.8,3.7,0.7,1.0,0.6,4.9,2.8,0.4,0.5,0.5,0.5
380,Micah Peavy,NO,2.4,5.2,0.8,1.1,0.6,6.0,2.0,1.3,0.9,0.2,0.9
381,Ben Saraf,BKN,3.4,8.5,1.1,1.4,0.9,8.9,1.8,3.1,0.5,0.1,1.2
382,Tony Bradley,IND,2.3,3.5,0.2,0.5,0.1,4.8,3.2,0.5,0.2,0.7,0.4
383,Taurean Prince,MIL,1.8,4.1,0.3,0.4,1.1,5.1,2.0,1.0,0.5,0.2,0.6
384,Pete Nance,MIL,2.0,3.3,0.1,0.2,1.0,5.1,1.9,0.6,0.3,0.1,0.4
385,Seth Curry,GS,2.2,5.0,0.6,0.6,1.1,6.1,1.7,1.0,0.5,0.1,0.5
386,Jared Butler,PHO,2.0,4.4,0.7,0.9,0.6,5.4,1.1,2.4,0.5,0.1,0.9
387,PJ Hall,CHA,1.7,2.9,0.4,0.5,0.2,4.0,2.7,0.5,0.0,0.5,0.2
388,Nikola Topic,OKC,2.6,5.7,1.3,1.6,0.5,7.0,1.5,1.8,0.4,0.1,0.7
389,Sharife Cooper,WAS,2.2,3.9,0.5,0.6,0.6,5.4,2.0,1.6,0.2,0.1,1.4
390,Trevelin Queen,ORL,1.5,4.0,0.6,0.7,0.5,4.2,1.6,1.2,0.8,0.3,0.6
391,Gabe Vincent,ATL,2.2,5.6,0.2,0.3,1.3,5.9,1.2,1.4,0.7,0.2,0.6
392,Kevin Love,UTA,1.8,4.2,0.9,1.2,1.0,5.4,3.9,1.2,0.3,0.1,0.6
393,Jaylen Clark,MIN,1.4,3.0,0.7,0.9,0.6,4.1,1.3,0.7,0.9,0.1,0.2
394,Ryan Nembhard,DAL,2.5,5.7,0.4,0.5,0.8,6.2,1.1,3.9,0.2,0.1,0.7
395,Andre Jackson Jr.,MIL,1.5,3.2,0.2,0.4,0.5,3.8,3.1,1.4,0.5,0.2,0.9
396,Simone Fontecchio,MIA,2.0,4.6,0.6,0.8,1.1,5.7,2.3,0.8,0.4,0.2,0.6
397,Monte Morris,IND,1.9,4.6,0.6,0.8,0.8,5.2,1.6,1.9,0.5,0.2,0.4
398,Marcus Sasser,DET,2.0,4.5,0.6,0.7,0.8,5.4,1.1,2.1,0.5,0.1,0.8
399,Haywood Highsmith,PHO,1.5,3.2,0.2,0.4,0.7,3.9,2.0,0.8,0.5,0.3,0.4
400,Kevon Looney,NO,1.4,2.6,0.6,0.9,0.0,3.4,4.4,1.3,0.4,0.3,0.5
401,Craig Porter Jr.,CLE,1.9,3.7,0.6,0.9,0.3,4.7,1.7,1.9,0.4,0.3,0.8
402,Ethan Thompson,IND,1.7,4.5,0.3,0.4,1.0,4.7,1.8,1.5,0.5,0.3,0.6
403,Killian Hayes,SAC,1.7,4.9,0.5,0.8,0.4,4.3,1.7,4.3,0.5,0.3,0.7
404,Isaiah Stevens,SAC,1.0,2.4,1.0,1.4,0.3,3.3,2.0,2.0,0.8,0.2,0.4
405,Luka Garza,BOS,3.4,7.3,1.0,1.5,0.8,8.6,3.3,0.6,0.4,0.2,0.7
406,Marcus Bagley,PHI,1.3,3.3,0.4,0.5,0.2,3.2,3.4,0.5,0.4,0.6,0.3
407,Maxi Kleber,LAL,1.1,2.8,0.6,0.8,0.5,3.4,2.7,1.3,0.3,0.5,0.6
408,Branden Carlson,OKC,1.4,3.1,0.4,0.6,0.7,3.9,1.7,0.4,0.2,0.7,0.2
409,DaRon Holmes II,DEN,2.0,4.0,2.1,2.9,0.3,6.3,2.8,0.9,0.3,0.7,0.7
410,Anthony Gill,WAS,2.2,4.3,1.1,1.5,0.4,5.9,2.8,0.9,0.4,0.2,0.6
411,Caleb Martin,DAL,2.0,4.7,0.8,1.1,0.6,5.4,2.5,1.3,0.5,0.3,0.7
412,Keion Brooks Jr.,NO,2.0,4.3,0.9,1.2,0.6,5.5,2.3,0.5,0.4,0.4,0.5
413,Khaman Maluach,PHO,1.5,2.5,0.6,0.8,0.0,3.6,3.0,0.2,0.1,0.6,0.3
414,Dario Saric,DET,1.6,3.5,0.7,0.8,0.6,4.5,2.6,1.3,0.3,0.1,0.7
415,Dalen Terry,PHI,1.6,3.7,0.6,1.0,0.5,4.4,2.0,1.5,0.6,0.3,0.7
416,Baylor Scheierman,BOS,1.5,4.2,0.3,0.5,1.0,4.3,2.5,1.3,0.6,0.1,0.5
417,Jordan Hawkins,NO,2.5,6.5,0.9,1.1,1.4,7.2,2.0,0.9,0.3,0.2,0.6
418,RayJ Dennis,ATL,1.6,3.8,0.3,0.4,0.7,4.2,1.3,1.5,0.5,0.3,0.7
419,Nick Smith Jr.,LAL,2.5,6.0,0.4,0.4,1.2,6.6,1.4,1.4,0.2,0.1,0.9
420,Keshad Johnson,MIA,1.4,4.1,0.8,0.9,0.5,4.0,3.0,0.1,0.4,0.5,0.4
421,Dalton Knecht,LAL,2.3,5.0,0.6,0.8,1.1,6.3,1.9,0.6,0.2,0.1,0.3
422,Kevin Knox II,GS,2.0,4.2,0.5,0.6,0.7,5.1,1.7,0.5,0.3,0.2,0.5
423,Rob Dillingham,CHI,2.6,5.8,0.2,0.4,0.7,6.0,1.4,2.7,0.5,0.0,1.5
424,Duop Reath,ATL,1.8,4.0,0.5,0.7,0.7,4.9,2.1,0.6,0.3,0.3,0.4
425,Jabari Walker,PHI,1.8,3.7,0.9,1.2,0.3,4.7,3.6,0.5,0.4,0.1,0.5
426,Jamir Watkins,WAS,1.3,2.2,0.4,0.6,0.4,3.4,2.4,0.4,0.1,0.3,0.4
427,Jaden Hardy,WAS,2.8,6.7,0.9,1.2,1.2,7.7,1.6,1.4,0.4,0.1,1.1
428,Antonio Reeves,CHA,2.1,4.6,0.5,0.7,0.9,5.6,1.2,0.7,0.4,0.1,0.6
429,Nigel Hayes,MIL,1.3,3.0,0.0,0.0,0.3,2.8,2.3,0.5,0.8,0.0,0.3
430,Lindy Waters III,SA,1.5,3.8,0.1,0.1,1.1,4.2,1.6,0.8,0.3,0.2,0.3
431,Bojan Bogdanovic,BKN,2.5,5.6,1.0,1.2,1.1,7.1,1.3,0.8,0.3,0.0,0.8
432,Thomas Sorber,OKC,1.4,2.7,0.8,1.1,0.1,3.6,2.1,0.6,0.4,0.5,0.6
433,Jeremy Sochan,NY,1.7,3.2,0.6,0.8,0.3,4.2,2.0,0.8,0.3,0.2,0.6
434,Torrey Craig,BOS,1.2,2.8,0.3,0.4,0.7,3.3,2.3,0.6,0.3,0.3,0.3
435,Mason Plumlee,SA,1.1,1.8,0.8,1.2,0.0,3.0,3.5,1.0,0.2,0.3,0.5
436,Jonathan Mogbo,TOR,1.2,2.7,0.5,0.7,0.1,3.1,2.5,1.2,0.4,0.3,0.6
437,Johni Broome,PHI,2.2,4.5,1.0,1.7,0.2,5.7,3.3,0.9,0.3,0.6,0.5
438,Kyle Lowry,PHI,0.9,2.2,0.4,0.5,0.6,2.8,1.2,1.6,0.4,0.1,0.5
439,Jae'Sean Tate,HOU,1.3,2.8,0.4,0.6,0.3,3.4,2.4,0.8,0.5,0.2,0.4
440,Bol Bol,PHO,1.3,2.2,0.2,0.3,0.4,3.1,1.6,0.3,0.1,0.3,0.3
441,Jordan McLaughlin,SA,0.9,2.1,0.3,0.4,0.6,2.7,1.0,1.6,0.5,0.1,0.3
442,Pat Connaughton,CHA,1.3,2.9,0.4,0.5,0.6,3.5,1.9,1.3,0.3,0.2,0.4
443,Caleb Houstan,ATL,1.4,3.4,0.3,0.4,1.2,4.3,1.4,0.6,0.3,0.1,0.3
444,Julian Phillips,MIN,1.4,3.2,0.6,0.8,0.5,3.9,1.8,0.5,0.4,0.2,0.3
445,Jamal Cain,ORL,1.6,3.7,0.8,1.1,0.6,4.6,1.9,0.5,0.5,0.2,0.5
446,Asa Newell,ATL,1.6,3.1,0.9,1.2,0.2,4.4,2.0,0.3,0.3,0.3,0.3
447,Noa Essengue,CHI,1.8,3.7,1.8,2.5,0.3,5.6,2.6,0.6,0.5,0.3,0.6
448,Jaylen Nowell,WAS,3.0,7.5,0.7,1.0,0.7,7.3,2.2,1.8,0.3,0.3,0.7
449,Ricky Council IV,BKN,2.0,5.0,1.5,1.9,0.6,6.1,2.2,1.0,0.3,0.1,0.5
450,AJ Johnson,DAL,2.1,5.4,0.8,0.9,0.6,5.6,1.5,1.9,0.3,0.1,0.9
451,Amir Coffey,PHO,1.5,3.4,0.7,0.8,0.7,4.4,1.2,0.6,0.3,0.1,0.3
452,Kobe Brown,IND,1.3,3.0,0.1,0.2,0.4,3.1,2.3,0.9,0.4,0.2,0.4
453,Jaden Springer,NO,1.0,2.6,0.7,0.9,0.2,3.0,1.5,0.8,0.7,0.2,0.5
454,Tolu Smith,DET,2.3,3.4,0.8,1.1,0.0,5.3,3.0,0.0,0.0,0.0,0.8
455,Blake Wesley,POR,1.6,3.4,0.8,1.2,0.3,4.1,1.3,2.4,0.6,0.1,0.9
456,Cam Christie,LAC,1.9,4.3,1.3,1.9,1.0,6.0,2.0,1.0,0.3,0.1,0.1
457,Cory Joseph,ORL,1.1,2.9,0.2,0.3,0.7,3.2,1.4,1.5,0.4,0.1,0.4
458,Lester Quinones,NO,1.9,4.8,0.7,0.9,1.0,5.4,2.0,1.3,0.2,0.1,0.7
459,A.J. Lawson,TOR,2.2,5.2,1.0,1.4,0.8,6.2,2.3,0.9,0.4,0.2,0.5
460,Dariq Whitehead,BKN,1.8,4.6,0.2,0.3,1.5,5.3,1.5,0.7,0.3,0.1,0.7
461,Ron Harper Jr.,BOS,1.0,3.0,0.8,1.0,0.7,3.5,2.8,1.2,0.0,0.0,0.0
462,Colin Castleton,ORL,1.2,2.4,0.7,0.9,0.0,3.1,2.8,0.7,0.2,0.2,0.6
463,Taj Gibson,CHA,1.1,2.3,0.2,0.4,0.1,2.5,2.7,0.6,0.2,0.4,0.5
464,Malaki Branham,CHA,2.0,4.5,0.5,0.5,0.7,5.1,1.1,1.1,0.2,0.1,0.7
465,Patrick Baldwin Jr.,PHI,1.1,2.8,0.3,0.5,0.6,3.2,2.2,0.5,0.3,0.3,0.4
466,Isaiah Livers,PHO,1.0,2.5,1.0,1.4,0.4,3.4,1.6,0.6,0.4,0.4,0.0
467,Dwight Powell,DAL,0.7,1.1,0.6,0.8,0.0,2.0,2.1,0.9,0.3,0.3,0.3
468,Colby Jones,DET,1.2,2.8,0.4,0.6,0.3,3.1,1.8,0.9,0.5,0.3,0.5
469,Doug McDermott,SAC,1.6,3.6,0.1,0.2,1.2,4.5,0.7,0.7,0.2,0.0,0.3
470,Garrett Temple,TOR,0.9,2.5,0.5,0.6,0.3,2.6,1.4,1.1,0.5,0.1,0.4
471,Reece Beekman,BKN,0.8,2.5,0.4,0.5,0.2,2.2,0.9,1.5,0.8,0.1,0.5
472,Alijah Martin,TOR,1.4,3.2,0.7,0.9,0.6,4.1,1.3,0.6,0.4,0.1,0.4
473,Ariel Hukporti,NY,0.9,1.3,0.2,0.5,0.0,1.9,2.1,0.4,0.0,0.6,0.9
474,Wendell Moore Jr.,DET,1.0,2.1,0.3,0.3,0.2,2.5,1.6,0.7,0.4,0.1,0.5
475,Yuki Kawamura,CHI,1.0,2.6,0.6,0.8,0.6,3.3,1.1,2.0,0.2,0.0,0.5
476,Liam McNeeley,CHA,1.3,3.3,1.2,1.4,0.5,4.2,1.7,0.7,0.2,0.1,0.6
477,Tosan Evbuomwan,CHA,1.3,3.0,0.7,1.0,0.4,3.8,1.8,0.7,0.3,0.2,0.5
478,Jett Howard,ORL,2.0,5.3,0.3,0.5,1.1,5.3,1.4,0.9,0.3,0.2,0.7
479,Kobe Bufkin,LAL,2.0,5.2,0.6,1.0,0.5,5.1,2.0,1.7,0.4,0.3,0.7
480,KJ Simpson,DEN,1.4,3.8,0.5,0.6,0.4,3.6,1.4,1.4,0.4,0.1,0.7
481,Damion Baugh,CHA,1.4,4.3,0.4,0.5,0.4,3.6,1.6,1.8,0.5,0.1,1.0
482,Tyler Smith,MIL,1.1,2.2,0.3,0.4,0.6,3.0,1.1,0.2,0.1,0.2,0.4
483,Isaac Jones,DET,1.4,2.1,0.6,0.9,0.1,3.4,1.4,0.3,0.1,0.3,0.4
484,Isaiah Mobley,FA,1.7,4.3,0.1,0.4,0.6,4.0,2.0,1.5,0.4,0.1,0.3
485,Johnny Juzang,MIN,1.5,3.6,0.3,0.4,0.7,3.9,1.4,0.6,0.3,0.1,0.3
486,Jeff Green,HOU,1.0,2.1,0.6,0.7,0.4,2.9,1.0,0.4,0.1,0.2,0.2
487,Rayan Rupert,POR,1.3,3.5,0.5,0.6,0.5,3.6,1.9,1.0,0.3,0.1,0.7
488,MarJon Beauchamp,PHI,1.2,2.6,0.4,0.6,0.5,3.3,1.6,0.5,0.2,0.1,0.5
489,Cole Swider,DET,1.6,4.3,0.1,0.1,1.1,4.3,1.5,0.3,0.2,0.1,0.5
490,Jackson Rowe,GS,1.3,2.9,0.5,1.0,0.5,3.7,1.9,0.7,0.7,0.0,0.2
491,Drew Timme,LAL,1.9,4.2,0.4,0.7,0.4,4.5,2.7,0.8,0.2,0.0,0.6
492,Chris Duarte,CHI,1.0,2.5,0.3,0.4,0.5,2.8,1.3,0.6,0.3,0.1,0.3
493,Adou Thiero,LAL,1.5,3.0,1.3,1.8,0.1,4.3,1.6,0.5,0.5,0.2,0.5
494,Elijah Harkless,UTA,1.0,3.0,0.5,1.0,0.5,3.0,1.5,1.0,1.0,0.0,0.0
495,Zavier Simpson,FA,1.1,3.4,0.2,0.3,0.3,2.6,1.3,1.6,0.4,0.2,0.6
496,Bronny James,LAL,1.1,3.6,0.6,0.8,0.5,3.4,1.0,1.2,0.5,0.2,0.7
497,Jaylen Martin,WAS,1.0,2.5,0.3,0.3,0.2,2.6,1.5,0.6,0.3,0.0,0.4
498,Joan Beringer,MIN,0.7,1.4,0.3,0.6,0.0,1.8,1.6,0.2,0.2,0.5,0.2
499,Jevon Carter,ORL,1.1,2.8,0.1,0.1,0.6,2.8,0.5,0.7,0.3,0.1,0.3
500,Dillon Jones,NY,1.0,2.5,0.3,0.5,0.3,2.5,2.3,1.1,0.3,0.1,0.5
501,Tyson Etienne,BKN,1.3,4.0,0.6,0.8,1.0,4.2,0.7,0.9,0.2,0.1,0.6
502,Chaz Lanier,DET,1.3,3.1,0.4,0.5,0.7,3.7,0.8,0.2,0.2,0.0,0.2
503,Joe Ingles,MIN,0.5,1.2,0.1,0.2,0.3,1.5,0.7,1.1,0.2,0.0,0.4
504,Orlando Robinson,ORL,0.7,1.6,0.3,0.5,0.1,1.9,1.4,0.5,0.1,0.1,0.3
505,Johnny Davis,MEM,1.1,2.7,0.3,0.5,0.2,2.7,1.3,0.5,0.4,0.2,0.2
506,Taze Moore,POR,1.7,4.9,0.3,0.7,0.3,4.0,2.7,1.0,0.7,0.0,0.8
507,Tyrese Proctor,CLE,1.0,4.7,0.0,0.0,0.7,2.7,1.3,1.0,0.7,0.0,1.3
508,Jamaree Bouyea,PHO,0.9,2.2,0.2,0.3,0.1,2.1,1.3,1.1,0.3,0.1,0.9
509,Jacob Toppin,ATL,0.5,1.2,0.1,0.1,0.2,1.4,0.8,0.3,0.1,0.0,0.2
510,DeAndre Jordan,NO,0.7,1.0,0.2,0.5,0.0,1.5,1.9,0.4,0.1,0.2,0.3
511,Maxwell Lewis,BKN,0.9,2.2,0.2,0.2,0.4,2.2,1.0,0.4,0.2,0.1,0.4
512,Hunter Tyson,BKN,0.6,1.7,0.3,0.3,0.3,1.8,1.0,0.3,0.1,0.1,0.2
513,Kam Jones,IND,1.1,2.8,0.1,0.3,0.3,2.6,1.1,1.3,0.3,0.0,0.3
514,James Johnson,IND,0.4,1.0,0.1,0.2,0.0,0.8,0.5,0.6,0.3,0.2,0.4
515,Chris Livingston,CLE,0.5,1.3,0.4,0.5,0.0,1.5,1.5,0.3,0.2,0.0,0.3
516,Drew Peterson,CHA,1.0,4.5,0.5,1.0,0.0,2.5,2.0,0.5,0.5,0.5,0.0
